tweet_id,retweet_count,favorite_count,user_count
892420643555336193,7142,34350,9099508
892177421306343426,5374,29779,9099508
891815181378084864,3541,22402,9099508
891689557279858688,7336,37503,9099508
891327558926688256,7888,35830,9099508
891087950875897856,2652,18083,9099508
890971913173991426,1700,10542,9099132
890729181411237888,16058,57729,9099508
890609185150312448,3681,24916,9099508
890240255349198849,6199,28393,9099508
890006608113172480,6252,27429,9099508
889880896479866881,4238,24952,9099508
889665388333682689,8501,42737,9099508
889638837579907072,3790,24020,9099508
889531135344209921,1913,13547,9099508
889278841981685760,4520,22450,9099508
888917238123831296,3823,26020,9099508
888804989199671297,3604,22809,9099508
888554962724278272,2925,17601,9099508
888078434458587136,2950,19431,9099508
887705289381826560,4607,27028,9099508
887517139158093824,10001,41361,9099508
887473957103951883,15275,61132,9099508
887343217045368832,8954,30029,9099508
887101392804085760,5074,27408,9099132
886983233522544640,6452,30867,9099508
886736880519319552,2690,10649,9099508
886680336477933568,3802,20056,9099508
886366144734445568,2683,18847,9099508
886267009285017600,3,104,9099508
886258384151887873,5374,24946,9099508
886054160059072513,94,0,9099508
885984800019947520,5716,29026,9099508
885528943205470208,5432,32082,9099508
885518971528720385,3174,18284,9099508
885311592912609280,15717,0,9099508
885167619883638784,3720,19524,9099508
884925521741709313,15294,68325,9099508
884876753390489601,4738,24777,9099508
884562892145688576,3982,21650,9099572
884441805382717440,4862,24239,9099572
884247878851493888,17194,64312,9099508
884162670584377345,2533,18205,9099508
883838122936631299,2911,19473,9099508
883482846933004288,8402,40846,9099508
883360690899218434,3131,20252,9099508
883117836046086144,5627,33048,9099508
882992080364220416,3289,21303,9099508
882762694511734784,4162,25170,9099508
882627270321602560,5162,24989,9099508
882268110199369728,9832,39825,9099508
882045870035918850,4143,26148,9099508
881906580714921986,2894,21772,9099508
881666595344535552,9103,45265,9099508
881633300179243008,8,113,9099508
881536004380872706,13629,44095,9099508
881268444196462592,4551,20799,9099508
880935762899988482,2373,15284,9099508
880872448815771648,3256,19014,9099508
880465832366813184,5299,25384,9099508
880221127280381952,3537,24045,9099508
880095782870896641,3713,24707,9099508
879862464715927552,2974,20007,9099572
879674319642796034,9,283,9099508
879492040517615616,2677,21035,9099508
879415818425184262,38066,94329,9099508
879376492567855104,2682,15060,9099508
879130579576475649,5826,0,9099508
879050749262655488,4014,20133,9099508
879008229531029506,2287,17035,9099508
878776093423087618,3501,17381,9099508
878604707211726852,6022,26833,9099508
878404777348136964,1086,0,9099508
878316110768087041,5631,0,9099508
878281511006478336,1086,6902,9099508
878057613040115712,5826,37686,9099508
877736472329191424,16099,70380,9099508
877611172832227328,70,0,9099508
877556246731214848,3219,20260,9099508
877316821321428993,4428,24537,9099508
877201837425926144,4709,24204,9099508
876838120628539392,2848,18507,9099508
876537666061221889,4044,21345,9099508
876484053909872640,2035,16818,9099508
876120275196170240,3977,25060,9099508
875747767867523072,3636,22508,9099508
875144289856114688,4213,19699,9099508
875097192612077568,5213,24624,9099508
875021211251597312,4046,22905,9099508
874680097055178752,3989,24954,9099508
874434818259525634,12435,0,9099508
874296783580663808,3536,23363,9099508
874057562936811520,3437,20450,9099508
874012996292530176,8713,30603,9099508
873580283840344065,3388,21764,9099508
873337748698140672,1346,0,9099508
873213775632977920,1346,6417,9099508
872967104147763200,4635,24435,9099508
872820683541237760,3215,13246,9099508
872620804844003328,3116,18624,9099508
872486979161796608,7839,36702,9099132
872122724285648897,6973,30728,9099508
871879754684805121,9403,33641,9099508
871762521631449091,3017,18172,9099508
871515927908634625,3000,18171,9099508
871166179821445120,4965,0,9099508
871102520638267392,4779,18849,9099508
871032628920680449,3288,20473,9099508
870804317367881728,5358,30292,9099508
870726314365509632,3,107,9099508
870656317836468226,2239,11051,9099508
870374049280663552,23158,75172,9099508
870308999962521604,3606,19792,9099508
870063196459192321,7201,32910,9099508
869772420881756160,8827,38533,9099508
869702957897576449,5473,25439,9099508
869596645499047938,2683,14423,9099508
869227993411051520,3254,18418,9099508
868880397819494401,12487,58876,9099508
868639477480148993,1785,0,9099508
868622495443632128,4566,24019,9099508
868552278524837888,1785,9123,9099508
867900495410671616,3631,21921,9099508
867774946302451713,6353,30674,9099508
867421006826221569,2154,14550,9099508
867072653475098625,105,0,9099508
867051520902168576,6890,29158,9099508
866720684873056260,4192,18112,9099508
866686824827068416,3007,17389,9099508
866450705531457537,30810,110563,9099508
866334964761202691,12435,47346,9099508
866094527597207552,7287,0,9099508
865718153858494464,4939,23294,9099508
865359393868664832,4372,23965,9099508
865006731092295680,6777,25454,9099508
864873206498414592,7599,29244,9099508
864279568663928832,2627,13256,9099508
864197398364647424,7721,27086,9099508
863907417377173506,3646,18750,9099508
863553081350529029,3685,13887,9099508
863471782782697472,2118,0,9099508
863432100342583297,4626,21660,9099508
863427515083354112,81,1987,9099508
863079547188785154,975,8002,9099508
863062471531167744,2118,7639,9099508
862831371563274240,4532,17466,9099508
862722525377298433,3140,15563,9099508
862457590147678208,4323,18535,9099508
862096992088072192,20339,67283,9099508
861383897657036800,9440,32807,9099508
861288531465048066,3652,15606,9099508
861005113778896900,3387,15253,9099508
860981674716409858,1883,0,9099508
860924035999428608,692,0,9099508
860563773140209665,1883,6829,9099508
860524505164394496,4688,21594,9099508
860276583193509888,3124,16862,9099508
860184849394610176,5190,15234,9099508
860177593139703809,27291,0,9099508
859924526012018688,3645,17930,9099508
859851578198683649,3129,14188,9099508
859607811541651456,1378,17079,9099508
859196978902773760,26765,81805,9099508
859074603037188101,12164,30916,9099508
858860390427611136,7209,0,9099508
858843525470990336,3080,14338,9099508
858471635011153920,4336,19826,9099508
858107933456039936,2575,14475,9099508
857989990357356544,2305,14747,9099508
857746408056729600,9512,31328,9099508
857393404942143489,1463,5392,9099508
857263160327368704,4041,18515,9099508
857214891891077121,16,207,9099508
857062103051644929,150,0,9099508
857029823797047296,3552,17331,9099508
856543823941562368,2591,15084,9099508
856526610513747968,1684,11008,9099508
856288084350160898,15,492,9099508
856282028240666624,5673,25639,9099509
855862651834028034,22,308,9099509
855860136149123072,869,4494,9099509
855857698524602368,1893,11008,9099509
855851453814013952,16413,42603,9099509
855818117272018944,4896,24653,9099509
855459453768019968,7417,27549,9099509
855245323840757760,5370,0,9099509
855138241867124737,39,0,9099509
854732716440526848,5472,21049,9099509
854482394044301312,6135,27051,9099509
854365224396361728,4238,17490,9099509
854120357044912130,6725,29668,9099509
854010172552949760,2850,15093,9099509
853760880890318849,5201,26512,9099509
853639147608842240,9042,32092,9099509
853299958564483072,3228,14402,9099509
852936405516943360,1821,0,9099509
852912242202992640,1638,8392,9099509
852672615818899456,1968,13892,9099509
852553447878664193,3171,15150,9099509
852311364735569921,9032,30853,9099509
852226086759018497,6203,18620,9099509
852189679701164033,1449,10742,9099509
851861385021730816,19,0,9099509
851591660324737024,3186,15217,9099509
851464819735769094,6435,22667,9099509
851224888060895234,5266,19367,9099509
850753642995093505,8253,28628,9099509
850380195714523136,2385,12272,9099509
850333567704068097,305,3241,9099509
850145622816686080,3459,15259,9099509
850019790995546112,4470,19102,9099509
849776966551130114,6950,28401,9099509
849668094696017920,4539,0,9099509
849412302885593088,2890,14899,9099509
849336543269576704,1727,10739,9099509
849051919805034497,7779,39702,9099509
848690551926992896,3989,23678,9099509
848324959059550208,4236,23241,9099509
848213670039564288,664,7666,9099509
848212111729840128,2771,15307,9099509
847978865427394560,2997,0,9099509
847971574464610304,405,0,9099509
847962785489326080,4676,22118,9099509
847842811428974592,1213,5099,9099509
847617282490613760,381,6595,9099509
847606175596138505,3153,17662,9099509
847251039262605312,3997,19311,9099509
847157206088847362,5346,18693,9099509
847116187444137987,2929,20229,9099509
846874817362120707,3622,18937,9099509
846514051647705089,10608,41880,9099509
846505985330044928,2830,13304,9099509
846153765933735936,8346,29649,9099509
846139713627017216,9333,29289,9099573
846042936437604353,2640,15069,9099509
845812042753855489,8021,27530,9099509
845677943972139009,4461,23829,9099509
845397057150107648,1642,7216,9099509
845306882940190720,4972,22002,9099509
845098359547420673,7080,0,9099509
844979544864018432,2353,12881,9099509
844973813909606400,2917,14178,9099509
844580511645339650,2872,15546,9099509
844223788422217728,2024,12934,9099509
843981021012017153,2748,14373,9099509
843856843873095681,4255,20307,9099509
843604394117681152,2532,15994,9099509
843235543001513987,5534,20328,9099509
842846295480000512,3374,14484,9099509
842765311967449089,1189,6400,9099509
842535590457499648,3249,17192,9099509
842163532590374912,5370,23127,9099509
842115215311396866,2814,13254,9099509
841833993020538882,13850,0,9099509
841680585030541313,7289,24440,9099509
841439858740625411,3387,11959,9099509
841320156043304961,5130,18751,9099509
841314665196081154,4309,15013,9099509
841077006473256960,4965,21706,9099509
840761248237133825,1639,0,9099509
840728873075638272,14915,0,9099509
840698636975636481,2,168,9099509
840696689258311684,904,11664,9099509
840632337062862849,1639,8561,9099509
840370681858686976,4246,15602,9099509
840268004936019968,5319,18249,9099509
839990271299457024,2110,12745,9099509
839549326359670784,7209,26035,9099509
839290600511926273,136,0,9099509
839239871831150596,6051,25666,9099509
838952994649550848,3736,18694,9099509
838921590096166913,1899,10601,9099509
838916489579200512,31,0,9099509
838831947270979586,10256,0,9099509
838561493054533637,1245,10439,9099509
838476387338051585,4421,21339,9099509
838201503651401729,9376,0,9099509
838150277551247360,312,1582,9099509
838085839343206401,1,135,9099509
838083903487373313,2899,16752,9099509
837820167694528512,7287,32389,9099509
837482249356513284,414,3664,9099573
837471256429613056,2107,12184,9099509
837110210464448512,2211,15323,9099509
836989968035819520,2153,12165,9099509
836753516572119041,4336,18437,9099509
836677758902222849,2068,12038,9099509
836648853927522308,517,0,9099509
836397794269200385,25601,0,9099509
836380477523124226,2796,14125,9099509
836260088725786625,4050,20323,9099509
836001077879255040,3979,18192,9099509
835685285446955009,7594,0,9099509
835574547218894849,3371,16971,9099509
835536468978302976,1575,0,9099509
835309094223372289,19541,0,9099509
835297930240217089,2796,15726,9099509
835264098648616962,1575,7371,9099509
835246439529840640,64,2014,9099509
835172783151792128,5383,24993,9099509
835152434251116546,2819,21304,9099509
834931633769889797,1518,10287,9099509
834786237630337024,5189,20543,9099509
834574053763584002,2358,13014,9099509
834477809192075265,9959,0,9099509
834458053273591808,1571,9183,9099509
834209720923721728,4427,19592,9099509
834167344700198914,3436,15100,9099509
834089966724603904,2007,9596,9099509
834086379323871233,2065,12460,9099509
833863086058651648,2253,12833,9099509
833826103416520705,3548,17349,9099509
833732339549220864,208,0,9099509
833722901757046785,3046,19999,9099509
833479644947025920,1916,14235,9099509
833124694597443584,4539,19324,9099509
832998151111966721,2058,12643,9099509
832769181346996225,38,0,9099509
832757312314028032,3395,16115,9099509
832682457690300417,2719,11341,9099509
832645525019123713,497,2792,9099509
832636094638288896,2612,15161,9099509
832397543355072512,2075,11438,9099509
832369877331693569,2997,16413,9099509
832273440279240704,2193,10863,9099133
832215909146226688,5837,0,9099509
832215726631055365,8746,0,9099509
832088576586297345,2,60,9099509
832040443403784192,8996,0,9099509
832032802820481025,4377,17067,9099509
831939777352105988,5762,22886,9099509
831926988323639298,34,324,9099509
831911600680497154,6094,26296,9099509
831670449226514432,1718,9972,9099509
831650051525054464,1821,6807,9099509
831552930092285952,2200,8591,9099509
831322785565769729,1469,8919,9099509
831315979191906304,1052,6272,9099509
831309418084069378,2313,11304,9099509
831262627380748289,1929,11369,9099509
830956169170665475,1407,7648,9099509
830583320585068544,15717,63578,9099509
830173239259324417,5341,0,9099509
830097400375152640,2759,9314,9099509
829878982036299777,4692,0,9099509
829861396166877184,1818,11721,9099509
829501995190984704,9959,30396,9099133
829449946868879360,1897,10042,9099509
829141528400556032,6899,23276,9099509
829011960981237760,15411,51087,9099509
828801551087042563,3222,0,9099509
828770345708580865,5507,24512,9099133
828708714936930305,10541,34860,9099509
828650029636317184,1264,9121,9099509
828409743546925057,1097,6115,9099509
828408677031882754,1212,7369,9099509
828381636999917570,2098,12069,9099509
828376505180889089,1006,7097,9099509
828372645993398273,2769,12079,9099509
828361771580813312,168,2100,9099133
828046555563323392,2710,11243,9099509
828011680017821696,2033,9941,9099509
827933404142436356,4925,19197,9099509
827653905312006145,2847,14862,9099509
827600520311402496,877,7175,9099509
827324948884643840,2857,15207,9099509
827199976799354881,2098,10167,9099509
826958653328592898,4692,20673,9099133
826848821049180160,9526,34623,9099509
826615380357632002,3756,0,9099509
826598799820865537,233,4929,9099509
826598365270007810,2215,9589,9099509
826476773533745153,3977,17627,9099509
826240494070030336,2454,12731,9099509
826204788643753985,866,4684,9099509
826115272272650244,2930,14982,9099509
825876512159186944,1756,10062,9099509
825829644528148480,2369,12240,9099509
825535076884762624,16668,54842,9099509
825147591692263424,4263,17557,9099509
825120256414846976,1181,0,9099509
825026590719483904,1181,5997,9099509
824796380199809024,5194,0,9099509
824775126675836928,3326,14318,9099509
824663926340194305,1673,10087,9099509
824325613288833024,10075,11359,9099509
824297048279236611,3640,14451,9099509
824025158776213504,572,4655,9099509
823939628516474880,2578,10228,9099509
823719002937630720,10547,0,9099509
823699002998870016,2375,13443,9099509
823581115634085888,2484,12475,9099509
823333489516937216,21,671,9099509
823322678127919110,3792,15078,9099509
823269594223824897,9369,0,9099509
822975315408461824,3257,16663,9099509
822872901745569793,40724,126051,9099509
822859134160621569,2147,12677,9099509
822647212903690241,6048,0,9099509
822610361945911296,2781,14217,9099509
822489057087389700,6048,17406,9099509
822462944365645825,13434,26711,9099509
822244816520155136,9369,33609,9099509
822163064745328640,4477,0,9099509
821886076407029760,2180,10850,9099509
821813639212650496,3178,0,9099509
821765923262631936,1582,8045,9099509
821522889702862852,1654,7704,9099509
821421320206483457,5239,0,9099509
821407182352777218,4069,11257,9099509
821153421864615936,9,237,9099509
821149554670182400,1851,8251,9099509
821107785811234820,2007,9226,9099509
821044531881721856,2161,12158,9099509
820837357901512704,6357,0,9099509
820749716845686786,9376,30328,9099509
820690176645140481,3056,11751,9099509
820494788566847489,533,0,9099509
820446719150292993,2437,0,9099509
820314633777061888,533,3220,9099509
820078625395449857,5911,18966,9099509
820013781606658049,1103,0,9099509
819952236453363712,1103,5113,9099509
819924195358416896,4623,12447,9099509
819711362133872643,2933,12819,9099509
819588359383371776,1899,9302,9099509
819347104292290561,1134,6956,9099509
819238181065359361,389,2172,9099509
819227688460238848,6357,22137,9099509
819015337530290176,35165,0,9099509
819015331746349057,18085,0,9099509
819006400881917954,18085,43646,9099509
819004803107983360,35165,83908,9099509
818646164899774465,19833,0,9099509
818627210458333184,7182,21561,9099509
818614493328580609,2391,9462,9099509
818588835076603904,5792,0,9099509
818536468981415936,2318,10426,9099509
818307523543449600,7610,0,9099509
818259473185828864,2128,10579,9099509
818145370475810820,2417,11793,9099509
817908911860748288,756,4673,9099509
817827839487737858,25601,49382,9099509
817777686764523521,2555,10387,9099509
817536400337801217,2775,11307,9099509
817502432452313088,3207,0,9099509
817423860136083457,13850,32398,9099509
817415592588222464,903,5382,9099573
817181837579653120,8020,0,9099509
817171292965273600,1914,8435,9099509
817120970343411712,2463,11729,9099509
817056546584727552,1554,8273,9099509
816829038950027264,4466,0,9099509
816816676327063552,1923,9635,9099508
816697700272001025,2083,9406,9099508
816450570814898180,7610,29168,9099508
816336735214911488,1839,8295,9099508
816091915477250048,2019,8617,9099508
816062466425819140,961,0,9099508
816014286006976512,4970,0,9099509
815990720817401858,961,4764,9099509
815966073409433600,8020,21514,9099509
815745968457060357,3935,0,9099509
815736392542261248,2155,9475,9099509
815639385530101762,1571,7930,9099509
815390420867969024,3633,9966,9099509
814986499976527872,1206,7369,9099509
814638523311648768,2565,10871,9099509
814578408554463233,5554,0,9099509
814530161257443328,1757,8329,9099509
814153002265309185,8234,27708,9099509
813944609378369540,3023,0,9099509
813910438903693312,1765,8979,9099509
813812741911748608,13274,35117,9099509
813800681631023104,1675,8021,9099509
813217897535406080,6955,17941,9099509
813202720496779264,1735,8919,9099509
813187593374461952,4131,19169,9099133
813172488309972993,1840,8949,9099509
813157409116065792,2096,7485,9099509
813142292504645637,2282,8213,9099509
813130366689148928,426,4336,9099509
813127251579564032,2961,11396,9099509
813112105746448384,2604,9949,9099509
813096984823349248,3454,10189,9099509
813081950185472002,2649,9575,9099509
813066809284972545,1864,7671,9099509
813051746834595840,6992,20241,9099509
812781120811126785,1811,7266,9099509
812709060537683968,1374,6392,9099509
812503143955202048,1169,5857,9099509
812466873996607488,1828,7694,9099509
812372279581671427,3493,13152,9099509
811985624773361665,1336,7026,9099509
811744202451197953,1514,7285,9099509
811647686436880384,702,5409,9099509
811627233043480576,2918,12283,9099509
811386762094317568,6087,20175,9099509
810984652412424192,1360,5137,9099509
810896069567610880,1671,8689,9099509
810657578271330305,2517,10588,9099509
810284430598270976,10694,33916,9099509
810254108431155201,3222,14192,9099509
809920764300447744,3756,15036,9099509
809808892968534016,4671,0,9099509
809448704142938112,1396,6727,9099509
809220051211603969,5341,19210,9099509
809084759137812480,3369,12770,9099509
808838249661788160,2912,9808,9099509
808733504066486276,2061,7634,9099509
808501579447930884,2488,10957,9099509
808344865868283904,19833,40896,9099133
808134635716833280,5619,0,9099509
808106460588765185,2103,8528,9099509
808001312164028416,3368,12078,9099509
807621403335917568,3454,14103,9099509
807106840509214720,52676,113613,9099509
807059379405148160,6997,0,9099509
807010152071229440,3700,12697,9099509
806629075125202948,32979,71796,9099509
806620845233815552,5246,0,9099573
806576416489959424,1864,4735,9099509
806542213899489280,2257,9876,9099509
806242860592926720,11087,0,9099509
806219024703037440,1152,6250,9099509
805958939288408065,5114,0,9099509
805932879469572096,1838,8037,9099509
805826884734976000,1743,6354,9099509
805823200554876929,7623,0,9099509
805520635690676224,1583,5566,9099509
805487436403003392,2422,8506,9099509
805207613751304193,1652,7596,9099509
804738756058218496,3659,13213,9099509
804475857670639616,1927,5932,9099509
804413760345620481,3074,0,9099509
804026241225523202,15339,42787,9099509
803773340896923648,2618,9715,9099509
803692223237865472,7083,0,9099509
803638050916102144,3963,10573,9099509
803380650405482500,1795,7516,9099509
803321560782307329,5054,0,9099509
803276597545603072,2337,9699,9099509
802952499103731712,1912,8736,9099509
802624713319034886,2777,0,9099509
802600418706604034,1401,6879,9099509
802572683846291456,2411,8676,9099509
802323869084381190,5594,15622,9099509
802265048156610565,1318,6719,9099509
802239329049477120,2511,8803,9099509
802185808107208704,262,0,9099509
801958328846974976,1622,7486,9099509
801854953262350336,224,1748,9099509
801538201127157760,1993,7959,9099509
801285448605831168,786,5846,9099509
801167903437357056,5619,23570,9099509
801127390143516673,3779,0,9099509
801115127852503040,2009,7807,9099509
800859414831898624,92,656,9099509
800855607700029440,1535,0,9099509
800751577355128832,2677,10258,9099509
800513324630806528,2873,12735,9099509
800459316964663297,2092,9199,9099509
800443802682937345,4113,0,9099509
800388270626521089,2668,10786,9099509
800188575492947969,3774,0,9099509
800141422401830912,2437,14759,9099509
800018252395122689,12549,27331,9099509
799774291445383169,4453,0,9099509
799757965289017345,2045,8104,9099509
799422933579902976,1830,7798,9099509
799308762079035393,5187,0,9099573
799297110730567681,2618,9547,9099509
799063482566066176,2383,7815,9099509
798933969379225600,4253,12631,9099509
798925684722855936,1385,7287,9099509
798705661114773508,6341,0,9099509
798701998996647937,7396,0,9099509
798697898615730177,6208,0,9099509
798694562394996736,4741,0,9099509
798686750113755136,2223,0,9099509
798682547630837760,4525,0,9099509
798673117451325440,5324,0,9099509
798665375516884993,3739,0,9099509
798644042770751489,1772,0,9099509
798628517273620480,1893,0,9099509
798585098161549313,5390,0,9099509
798576900688019456,5605,0,9099509
798340744599797760,3195,0,9099509
798209839306514432,2462,10097,9099509
797971864723324932,2960,11167,9099509
797545162159308800,4686,14086,9099509
797236660651966464,6276,19259,9099509
797165961484890113,25,215,9099509
796904159865868288,8532,0,9099509
796865951799083009,1862,7437,9099509
796759840936919040,2903,11403,9099509
796563435802726400,6895,0,9099509
796484825502875648,1679,7305,9099509
796387464403357696,3972,10638,9099509
796177847564038144,13633,0,9099509
796149749086875649,13633,31063,9099509
796125600683540480,1719,4818,9099509
796116448414461957,2294,8792,9099509
796080075804475393,2209,8161,9099509
796031486298386433,3570,10460,9099509
795464331001561088,22403,47638,9099509
795400264262053889,2738,9674,9099509
795076730285391872,5194,15633,9099509
794983741416415232,3215,0,9099509
794926597468000259,2199,9875,9099509
794355576146903043,9837,0,9099509
794332329137291264,2577,9300,9099509
794205286408003585,3171,8924,9099509
793962221541933056,4671,16209,9099509
793845145112371200,1781,8936,9099509
793614319594401792,2993,0,9099509
793601777308463104,1545,7706,9099509
793500921481273345,2273,10307,9099509
793286476301799424,8746,23730,9099509
793271401113350145,2299,8413,9099509
793256262322548741,7962,19280,9099509
793241302385262592,3144,10144,9099509
793226087023144960,2763,9458,9099509
793210959003287553,2659,8613,9099509
793195938047070209,5371,14681,9099509
793180763617361921,1912,6676,9099509
793165685325201412,2670,9048,9099510
793150605191548928,1625,5951,9099510
793135492858580992,2402,6202,9099510
793120401413079041,3743,12222,9099510
792913359805018113,3779,13820,9099510
792883833364439040,4078,10914,9099510
792773781206999040,1613,7124,9099510
792394556390137856,4090,12942,9099510
792050063153438720,1700,6895,9099510
791821351946420224,20125,0,9099510
791784077045166082,9084,0,9099510
791780927877898241,3644,0,9099510
791774931465953280,21166,43400,9099510
791672322847637504,2993,11355,9099510
791406955684368384,3935,12696,9099510
791312159183634433,2417,8467,9099510
791026214425268224,3889,0,9099510
790987426131050500,2035,9481,9099510
790946055508652032,4466,16135,9099510
790723298204217344,2198,0,9099510
790698755171364864,1839,7944,9099510
790581949425475584,6784,19912,9099510
790337589677002753,1804,7575,9099510
790277117346975746,3023,12132,9099510
790227638568808452,3384,0,9099510
789986466051088384,2198,8957,9099510
789960241177853952,3914,0,9099510
789903600034189313,3948,9957,9099510
789628658055020548,1682,7227,9099510
789599242079838210,1832,6494,9099510
789530877013393408,3215,11309,9099510
789314372632018944,2178,8333,9099510
789280767834746880,4674,0,9099510
789268448748703744,2492,8807,9099510
789137962068021249,2661,9391,9099510
788908386943430656,11905,26478,9099510
788765914992902144,9837,26365,9099510
788552643979468800,6797,0,9099510
788412144018661376,5025,14979,9099510
788178268662984705,2009,7004,9099510
788150585577050112,1218,5893,9099509
788070120937619456,3267,0,9099509
788039637453406209,1254,5900,9099509
787810552592695296,2896,8298,9099509
787717603741622272,2638,9880,9099509
787397959788929025,2722,10510,9099509
787322443945877504,1652,7517,9099509
787111942498508800,6422,0,9099509
786963064373534720,7594,25712,9099509
786729988674449408,2315,0,9099509
786709082849828864,5837,17636,9099509
786664955043049472,2415,10206,9099509
786595970293370880,2993,9149,9099573
786363235746385920,3298,10462,9099509
786286427768250368,2695,7672,9099509
786233965241827333,4477,14668,9099509
786051337297522688,152,1378,9099509
786036967502913536,6631,0,9099509
785927819176054784,3051,10995,9099509
785872687017132033,1704,6455,9099509
785639753186217984,2136,7592,9099509
785533386513321988,1878,8739,9099509
785515384317313025,1195,5900,9099509
785264754247995392,1547,6991,9099509
785170936622350336,4582,11570,9099509
784826020293709826,3074,9731,9099509
784517518371221505,2401,8629,9099509
784431430411685888,1209,5525,9099509
784183165795655680,7623,19280,9099509
784057939640352768,10547,28600,9099509
783839966405230592,10256,28828,9099509
783821107061198850,1863,7097,9099509
783695101801398276,3054,10056,9099509
783466772167098368,2123,8118,9099509
783391753726550016,5188,16247,9099509
783347506784731136,5258,0,9099509
783334639985389568,11087,27962,9099509
783085703974514689,2064,7850,9099509
782969140009107456,6997,23229,9099509
782747134529531904,1341,7196,9099509
782722598790725632,5114,16581,9099509
782598640137187329,1789,7517,9099509
782305867769217024,5239,15973,9099509
782021823840026624,5857,0,9099509
781955203444699136,3190,10730,9099509
781661882474196992,2576,10047,9099509
781655249211752448,1076,3848,9099509
781524693396357120,5244,19951,9099509
781308096455073793,2429,6861,9099509
781251288990355457,1972,8070,9099509
781163403222056960,2622,9446,9099509
780931614150983680,6895,20804,9099509
780858289093574656,1905,6919,9099509
780800785462489090,1227,5270,9099509
780601303617732608,3178,11625,9099509
780543529827336192,1660,6045,9099509
780496263422808064,3485,0,9099509
780476555013349377,106,0,9099509
780459368902959104,1016,5087,9099509
780192070812196864,2128,8354,9099509
780092040432480260,2177,0,9099509
780074436359819264,4677,11606,9099509
779834332596887552,6631,18055,9099509
779377524342161408,2948,8402,9099509
779124354206535695,17280,0,9099509
779056095788752897,4288,14158,9099509
778990705243029504,6773,19078,9099509
778774459159379968,9336,0,9099509
778764940568104960,345,830,9099509
778748913645780993,1231,6581,9099509
778650543019483137,1414,5510,9099509
778624900596654080,959,4414,9099110
778408200802557953,4084,13072,9099509
778396591732486144,11541,0,9099509
778383385161035776,1038,5599,9099509
778286810187399168,3125,9922,9099509
778039087836069888,2506,8118,9099509
778027034220126208,1513,6301,9099509
777953400541634568,3328,0,9099509
777885040357281792,1544,6096,9099509
777684233540206592,2777,10781,9099509
777641927919427584,3988,0,9099509
777621514455814149,2375,8375,9099509
777189768882946048,4062,13572,9099509
776819012571455488,12885,0,9099509
776813020089548800,1139,4677,9099110
776477788987613185,2612,8404,9099509
776249906839351296,8618,0,9099509
776218204058357768,14973,28553,9099509
776201521193218049,2381,9172,9099509
776113305656188928,4113,11304,9099509
776088319444877312,143,1748,9099509
775898661951791106,15823,0,9099509
775842724423557120,2508,11220,9099509
775733305207554048,3779,13307,9099509
775729183532220416,4364,12448,9099509
775364825476165632,2786,7069,9099509
775350846108426240,3692,9727,9099509
775085132600442880,4453,14892,9099509
774757898236878852,1683,8270,9099509
774639387460112384,1640,6457,9099509
774314403806253056,5187,20888,9099110
773985732834758656,3649,10321,9099509
773922284943896577,1650,6140,9099509
773704687002451968,1526,6333,9099509
773670353721753600,1247,5134,9099509
773547596996571136,5792,21136,9099509
773336787167145985,4767,0,9099509
773308824254029826,7080,22375,9099509
773247561583001600,3068,9053,9099509
773191612633579521,3886,9565,9099509
772877495989305348,3653,8201,9099509
772826264096874500,2236,7695,9099509
772615324260794368,3180,0,9099509
772581559778025472,1611,6217,9099509
772193107915964416,1308,5753,9099509
772152991789019136,1072,3649,9099509
772117678702071809,695,3606,9099509
772114945936949249,447,2620,9099509
772102971039580160,884,3832,9099509
771908950375665664,1786,6278,9099509
771770456517009408,3195,11492,9099509
771500966810099713,2460,7905,9099509
771380798096281600,4767,10068,9099509
771171053431250945,7003,0,9099509
771136648247640064,2755,8750,9099509
771102124360998913,1357,5959,9099509
771014301343748096,1568,6596,9099573
770787852854652928,1130,4712,9099509
770772759874076672,1343,4954,9099509
770655142660169732,1688,7031,9099509
770414278348247044,1969,6050,9099509
770293558247038976,1376,5928,9099509
770093767776997377,2875,0,9099509
770069151037685760,2158,7259,9099509
769940425801170949,8996,29812,9099509
769695466921623552,1592,6149,9099509
769335591808995329,7269,0,9099509
769212283578875904,1625,5152,9099509
768970937022709760,6117,13611,9099509
768909767477751808,2509,0,9099509
768855141948723200,840,4003,9099509
768609597686943744,1124,3916,9099509
768596291618299904,1212,4824,9099509
768554158521745409,5478,0,9099509
768473857036525572,3222,13000,9099509
768193404517830656,3328,10385,9099509
767884188863397888,1281,4531,9099509
767754930266464257,5054,15260,9099509
767500508068192258,2188,7160,9099509
767191397493538821,3548,11739,9099509
767122157629476866,2694,9705,9099509
766793450729734144,1276,4823,9099509
766714921925144576,358,2500,9099509
766693177336135680,747,3843,9099509
766423258543644672,1478,5728,9099509
766313316352462849,1769,6456,9099509
766078092750233600,2468,0,9099509
766069199026450432,796,4020,9099509
766008592277377025,469,3601,9099509
765719909049503744,2033,6916,9099509
765669560888528897,1156,4938,9099509
765395769549590528,3186,25550,9099509
765371061932261376,2049,6776,9099509
765222098633691136,3180,11087,9099509
764857477905154048,1673,6174,9099509
764259802650378240,1420,5738,9099509
763956972077010945,50,738,9099509
763837565564780549,3889,11975,9099509
763183847194451968,1393,5132,9099509
763167063695355904,2821,0,9099509
763103485927849985,2163,7038,9099509
762699858130116608,3384,11563,9099509
762471784394268675,6022,10693,9099509
762464539388485633,3914,9816,9099509
762316489655476224,1042,4565,9099509
762035686371364864,14582,30283,9099509
761976711479193600,1868,5148,9099509
761750502866649088,3657,0,9099509
761745352076779520,814,4086,9099509
761672994376806400,27291,47023,9099509
761599872357261312,1115,3941,9099509
761371037149827077,16998,0,9099509
761334018830917632,1365,4932,9099509
761292947749015552,1023,4277,9099509
761227390836215808,1477,5090,9099509
761004547850530816,3267,10821,9099509
760893934457552897,910,3633,9099509
760656994973933572,1783,6271,9099509
760641137271070720,1207,4760,9099509
760539183865880579,3394,7201,9099509
760521673607086080,1307,3990,9099509
760290219849637889,10772,25530,9099509
760252756032651264,812,3767,9099509
760190180481531904,1680,5442,9099509
760153949710192640,30,0,9099509
759943073749200896,1957,5650,9099509
759846353224826880,1845,6391,9099509
759793422261743616,1790,5670,9099509
759557299618865152,1125,4463,9099509
759447681597108224,2315,8082,9099509
759446261539934208,459,1593,9099509
759197388317847553,1829,5794,9099509
759159934323924993,1092,0,9099509
759099523532779520,3900,13827,9099509
759047813560868866,1881,6168,9099509
758854675097526272,856,3387,9099509
758828659922702336,3624,10678,9099509
758740312047005698,1517,5457,9099509
758474966123810816,934,3605,9099509
758467244762497024,2061,4557,9099509
758405701903519748,1790,4945,9099509
758355060040593408,986,3212,9099509
758099635764359168,9336,18036,9099509
758041019896193024,346,2573,9099509
757741869644341248,3076,6538,9099509
757729163776290825,7365,0,9099509
757725642876129280,1127,4319,9099509
757611664640446465,1023,4354,9099509
757597904299253760,284,0,9099509
757596066325864448,982,4135,9099509
757400162377592832,6432,14383,9099509
757393109802180609,1616,5528,9099509
757354760399941633,1322,4290,9099509
756998049151549440,1868,5980,9099509
756939218950160384,1879,6325,9099509
756651752796094464,1213,4795,9099509
756526248105566208,3367,9878,9099509
756303284449767430,1033,3752,9099509
756288534030475264,16610,41916,9099509
756275833623502848,1433,6074,9099509
755955933503782912,2683,6944,9099509
755206590534418437,5003,15598,9099509
755110668769038337,10392,20106,9099509
754874841593970688,7392,0,9099509
754856583969079297,2351,6554,9099509
754747087846248448,486,2452,9099509
754482103782404096,1824,5033,9099509
754449512966619136,688,3559,9099509
754120377874386944,2204,7510,9099509
753655901052166144,2036,5538,9099509
753420520834629632,3311,7479,9099509
753398408988139520,1769,5452,9099509
753375668877008896,2177,7267,9099509
753298634498793472,5314,0,9099509
753294487569522689,973,3175,9099509
753039830821511168,19541,35166,9099509
753026973505581056,893,3724,9099509
752932432744185856,6422,11961,9099509
752917284578922496,1470,6604,9099509
752701944171524096,2677,0,9099509
752682090207055872,1488,5703,9099509
752660715232722944,1458,4142,9099509
752568224206688256,2132,5211,9099510
752519690950500352,3217,6993,9099510
752334515931054080,1028,3642,9099510
752309394570878976,15147,0,9099510
752173152931807232,1708,5648,9099510
751950017322246144,853,2900,9099510
751937170840121344,1223,4908,9099510
751830394383790080,1820,5524,9099510
751793661361422336,2686,5502,9099510
751598357617971201,2875,7548,9099510
751583847268179968,1020,4165,9099510
751538714308972544,1170,4798,9099510
751456908746354688,938,3069,9099510
751251247299190784,5481,11916,9099510
751205363882532864,1701,5996,9099510
751132876104687617,1204,4806,9099510
750868782890057730,1279,4555,9099510
750719632563142656,4674,12487,9099510
750506206503038976,1072,4207,9099510
750429297815552001,3988,12479,9099510
750383411068534784,1062,4329,9099510
750381685133418496,26,675,9099510
750147208377409536,893,2963,9099510
750132105863102464,1208,3429,9099510
750117059602808832,1232,4129,9099510
750101899009982464,790,2901,9099510
750086836815486976,500,2057,9099510
750071704093859840,3098,7385,9099510
750056684286914561,842,3004,9099510
750041628174217216,578,3012,9099510
750026558547456000,734,2573,9099510
750011400160841729,840,3059,9099510
749996283729883136,768,2890,9099510
749981277374128128,2314,4851,9099510
749774190421639168,1243,4431,9099510
749417653287129088,1534,5789,9099510
749403093750648834,499,2477,9099510
749395845976588288,3222,8106,9099510
749317047558017024,2084,5182,9099510
749075273010798592,1925,5449,9099510
749064354620928000,1434,4566,9099510
749036806121881602,742,2939,9099510
748977405889503236,3185,10209,9099510
748932637671223296,2101,5497,9099510
748705597323898880,892,2633,9099510
748699167502000129,1481,4494,9099510
748692773788876800,1244,4005,9099510
748575535303884801,1849,5748,9099510
748568946752774144,626,2088,9099510
748346686624440324,1145,4952,9099510
748337862848962560,3823,7188,9099510
748324050481647620,711,3512,9099510
748307329658011649,666,3508,9099510
748220828303695873,7249,13357,9099510
747963614829678593,1995,5470,9099111
747933425676525569,2398,6274,9099510
747885874273214464,897,2769,9099510
747844099428986880,692,2674,9099510
747816857231626240,1084,4578,9099510
747651430853525504,143,1293,9099510
747648653817413632,5434,12185,9099510
747600769478692864,529,2202,9099510
747594051852075008,967,3473,9099510
747512671126323200,1506,5221,9099510
747461612269887489,972,3659,9099510
747439450712596480,1781,5111,9099510
747242308580548608,2703,0,9099510
747219827526344708,1467,4972,9099510
747204161125646336,848,3180,9099510
747103485104099331,3696,9030,9099510
746906459439529985,274,2760,9099510
746872823977771008,1988,5667,9099510
746818907684614144,1628,5028,9099510
746790600704425984,1494,4601,9099510
746757706116112384,3644,9019,9099510
746726898085036033,1669,5721,9099510
746542875601690625,1768,4764,9099510
746521445350707200,916,0,9099510
746507379341139972,1005,4411,9099510
746369468511756288,1519,5870,9099510
746131877086527488,2035,6502,9099510
746056683365994496,759,3383,9099510
745789745784041472,986,3759,9099510
745712589599014916,2170,6613,9099510
745433870967832576,2362,6668,9099510
745422732645535745,2238,8079,9099510
745314880350101504,2541,6745,9099510
745074613265149952,3253,7416,9099510
745057283344719872,2085,6871,9099510
744995568523612160,574,2793,9099510
744971049620602880,2485,7428,9099510
744709971296780288,1468,5315,9099510
744334592493166593,1972,6421,9099510
744234799360020481,72132,147108,9099510
744223424764059648,335,1551,9099510
743980027717509120,1028,3955,9099510
743895849529389061,900,3452,9099510
743835915802583040,1923,0,9099510
743609206067040256,1294,4224,9099510
743595368194129920,6071,17247,9099510
743545585370791937,882,3332,9099510
743510151680958465,3480,7520,9099510
743253157753532416,1142,3997,9099510
743222593470234624,1784,5843,9099510
743210557239623680,1265,3610,9099510
742534281772302336,3339,6661,9099510
742528092657332225,1827,4172,9099510
742465774154047488,3669,6851,9099510
742423170473463808,3485,9257,9099510
742385895052087300,1822,6402,9099510
742161199639494656,1269,4065,9099510
742150209887731712,1437,4801,9099510
741793263812808706,1405,4281,9099510
741743634094141440,2556,7688,9099510
741438259667034112,760,3474,9099510
741303864243200000,2990,8287,9099510
741099773336379392,5131,9379,9099510
741067306818797568,2875,9017,9099510
740995100998766593,2525,5951,9099510
740711788199743490,883,3192,9099510
740699697422163968,721,2695,9099510
740676976021798912,6341,17129,9099510
740373189193256964,12365,33057,9099510
740365076218183684,396,2294,9099510
740359016048689152,808,3091,9099510
740214038584557568,1822,6295,9099510
739979191639244800,5478,18809,9099510
739932936087216128,999,3822,9099510
739844404073074688,806,3587,9099510
739623569819336705,1266,3549,9099510
739606147276148736,1529,5071,9099510
739544079319588864,19650,37060,9099510
739485634323156992,2688,6702,9099510
739238157791694849,53844,108908,9099510
738891149612572673,6,95,9099510
738885046782832640,1061,3557,9099510
738883359779196928,733,3095,9099510
738537504001953792,1428,4778,9099510
738402415918125056,761,3056,9099510
738184450748633089,1134,4048,9099510
738166403467907072,3094,8231,9099510
738156290900254721,594,2329,9099510
737826014890496000,1637,4935,9099510
737800304142471168,3219,9422,9099510
737678689543020544,1226,4725,9099510
737445876994609152,4136,9631,9099510
737322739594330112,750,3378,9099510
737310737551491075,6872,13750,9099510
736736130620620800,1584,3964,9099555
736392552031657984,6797,16633,9099510
736365877722001409,1142,3739,9099510
736225175608430592,2595,7626,9099510
736010884653420544,2749,7372,9099510
735991953473572864,1050,3351,9099510
735648611367784448,1033,3799,9099510
735635087207878657,2183,5772,9099510
735274964362878976,4639,12249,9099510
735256018284875776,821,3129,9099510
735137028879360001,900,2943,9099510
734912297295085568,490,2588,9099510
734787690684657664,5874,11769,9099111
734776360183431168,496,2367,9099510
734559631394082816,363,1399,9099510
733828123016450049,729,3349,9099510
733822306246479872,952,3457,9099510
733482008106668032,869,2926,9099510
733460102733135873,1165,3928,9099510
733109485275860992,15823,50189,9099555
732732193018155009,492,2276,9099510
732726085725589504,817,3349,9099510
732585889486888962,724,3425,9099510
732375214819057664,2323,7566,9099510
732005617171337216,4970,13955,9099510
731285275100512256,924,3287,9099510
731156023742988288,1170,3603,9099510
730924654643314689,1832,5752,9099510
730573383004487680,1962,4552,9099510
730427201120833536,960,3267,9099510
730211855403241472,977,3564,9099510
730196704625098752,1732,4510,9099510
729854734790754305,1038,3787,9099510
729838605770891264,349,1627,9099510
729823566028484608,1151,3713,9099510
729463711119904772,2140,5411,9099510
729113531270991872,295,1760,9099510
728986383096946689,749,2935,9099510
728760639972315136,1578,4366,9099510
728751179681943552,628,2595,9099510
728653952833728512,962,3103,9099510
728409960103686147,1858,4594,9099510
728387165835677696,889,3481,9099510
728046963732717569,1110,4013,9099510
728035342121635841,1546,4256,9099510
728015554473250816,1017,3867,9099510
727685679342333952,586,2795,9099510
727644517743104000,1622,5491,9099510
727524757080539137,1114,4194,9099510
727314416056803329,689,3121,9099510
727286334147182592,764,2872,9099510
727175381690781696,1272,3651,9099510
727155742655025152,1221,3386,9099510
726935089318363137,2259,6432,9099510
726887082820554753,1397,3597,9099111
726828223124897792,937,3355,9099510
726224900189511680,1060,4157,9099510
725842289046749185,2468,6641,9099510
725786712245440512,1269,3917,9099510
725729321944506368,1643,4872,9099510
725458796924002305,568,1327,9099510
724983749226668032,1195,3506,9099510
724771698126512129,578,2201,9099510
724405726123311104,1544,4951,9099510
724049859469295616,1653,4055,9099510
724046343203856385,521,2504,9099510
724004602748780546,1418,3914,9099510
723912936180330496,1151,3660,9099510
723688335806480385,2695,7180,9099510
723673163800948736,830,2842,9099510
723179728551723008,1727,4945,9099510
722974582966214656,1459,3840,9099510
722613351520608256,1524,4656,9099510
721503162398597120,1677,4310,9099510
721001180231503872,567,2380,9099510
720785406564900865,715,2894,9099510
720775346191278080,597,2303,9099510
720415127506415616,1392,3877,9099510
720389942216527872,2308,5968,9099510
720340705894408192,903,2677,9099510
720059472081784833,1042,3612,9099510
720043174954147842,1863,4652,9099510
719991154352222208,1616,4558,9099510
719704490224398336,1320,4263,9099510
719551379208073216,1757,4737,9099510
719367763014393856,700,2635,9099510
719339463458033665,1144,4178,9099510
719332531645071360,883,3235,9099510
718971898235854848,1002,3263,9099510
718939241951195136,1619,4904,9099511
718631497683582976,7396,17685,9099511
718613305783398402,440,2301,9099511
718540630683709445,944,2293,9099511
718460005985447936,485,2539,9099511
718454725339934721,1402,4572,9099511
718246886998687744,459,1793,9099511
718234618122661888,928,3634,9099511
717841801130979328,556,2312,9099511
717790033953034240,1009,2677,9099511
717537687239008257,1704,5426,9099511
717428917016076293,417,1517,9099511
717421804990701568,774,2938,9099511
717047459982213120,1775,5897,9099511
717009362452090881,889,3038,9099511
716802964044845056,1078,4034,9099511
716791146589110272,1472,7776,9099511
716730379797970944,404,1157,9099511
716447146686459905,5433,12244,9099511
716439118184652801,196,2245,9099511
716285507865542656,979,2606,9099511
716080869887381504,1752,6367,9099511
715928423106027520,812,2992,9099511
715758151270801409,1318,3484,9099511
715733265223708672,1566,4382,9099511
715704790270025728,528,2610,9099511
715696743237730304,1193,3682,9099511
715680795826982913,1480,4030,9099510
715360349751484417,1444,5127,9099510
715342466308784130,638,2854,9099510
715220193576927233,603,2267,9099510
715200624753819648,1734,4848,9099510
715009755312439296,1135,3894,9099510
714982300363173890,956,3498,9099510
714962719905021952,3934,6895,9099510
714957620017307648,1304,3893,9099510
714631576617938945,924,3078,9099510
714606013974974464,856,3415,9099510
714485234495041536,1039,2505,9099510
714258258790387713,682,2866,9099510
714251586676113411,778,3090,9099510
714214115368108032,813,2146,9099510
714141408463036416,1310,4071,9099510
713919462244790272,737,3096,9099510
713909862279876608,499,1782,9099510
713900603437621249,680,2669,9099510
713761197720473600,1262,4556,9099510
713411074226274305,1209,4166,9099510
713177543487135744,2652,6775,9099510
713175907180089344,1360,4169,9099510
712809025985978368,6208,17878,9099511
712717840512598017,4600,11548,9099511
712668654853337088,1123,3897,9099511
712438159032893441,1447,4999,9099511
712309440758808576,25,223,9099511
712097430750289920,960,3547,9099511
712092745624633345,833,2760,9099511
712085617388212225,450,3078,9099511
712065007010385924,582,2105,9099511
711998809858043904,121,0,9099511
711968124745228288,2139,7554,9099511
711743778164514816,925,2672,9099511
711732680602345472,3773,8247,9099511
711694788429553666,16998,30827,9099511
711652651650457602,840,3619,9099511
711363825979756544,1048,3389,9099511
711306686208872448,687,3105,9099511
711008018775851008,571,2808,9099511
710997087345876993,1282,4292,9099511
710844581445812225,635,2398,9099511
710833117892898816,493,2520,9099511
710658690886586372,527,2180,9099511
710609963652087808,2201,4504,9099511
710588934686908417,1734,4261,9099511
710296729921429505,684,2245,9099511
710283270106132480,490,2035,9099511
710272297844797440,1166,4230,9099511
710269109699739648,1035,2245,9099511
710153181850935296,832,2737,9099511
710140971284037632,825,2570,9099511
710117014656950272,1834,5115,9099511
709918798883774466,1009,3285,9099556
709901256215666688,96,621,9099511
709852847387627521,1114,3289,9099511
709566166965075968,1108,3328,9099511
709556954897764353,996,3083,9099511
709519240576036864,223,1408,9099511
709449600415961088,532,2070,9099511
709409458133323776,640,2486,9099511
709225125749587968,531,2254,9099511
709207347839836162,5316,11659,9099511
709198395643068416,601,2305,9099511
709179584944730112,627,1893,9099511
709158332880297985,376,1909,9099511
709042156699303936,1517,4432,9099511
708853462201716736,607,1697,9099511
708845821941387268,828,2783,9099511
708834316713893888,466,1584,9099511
708810915978854401,6406,15491,9099511
708738143638450176,759,2587,9099511
708711088997666817,660,2378,9099511
708479650088034305,635,2392,9099511
708469915515297792,757,2912,9099511
708400866336894977,9291,14939,9099511
708356463048204288,1229,3360,9099511
708349470027751425,689,2225,9099511
708149363256774660,1442,4061,9099511
708130923141795840,797,3170,9099511
708119489313951744,913,2522,9099511
708109389455101952,517,1835,9099511
708026248782585858,1795,4141,9099511
707995814724026368,1043,2928,9099511
707983188426153984,2,46,9099511
707969809498152960,890,2535,9099511
707776935007539200,890,3083,9099511
707741517457260545,565,2335,9099511
707738799544082433,2256,3814,9099511
707693576495472641,931,3187,9099511
707629649552134146,804,2407,9099511
707610948723478529,5857,15948,9099511
707420581654872064,650,2114,9099511
707411934438625280,558,2163,9099511
707387676719185920,1180,3287,9099511
707377100785885184,1002,3068,9099511
707315916783140866,592,2328,9099511
707297311098011648,724,2622,9099511
707059547140169728,630,2443,9099511
707038192327901184,731,2050,9099511
707021089608753152,1253,3818,9099511
707014260413456384,554,2164,9099511
706904523814649856,7269,13677,9099511
706901761596989440,539,1914,9099511
706681918348251136,905,3097,9099511
706644897839910912,1012,2396,9099511
706593038911545345,592,2029,9099511
706538006853918722,1334,3261,9099511
706516534877929472,954,2937,9099511
706346369204748288,863,3246,9099511
706310011488698368,7304,19931,9099511
706291001778950144,447,1599,9099511
706265994973601792,864,2570,9099511
706169069255446529,2046,3667,9099511
706166467411222528,1491,4819,9099511
706153300320784384,351,1391,9099511
705975130514706432,675,2917,9099511
705970349788291072,823,2990,9099511
705898680587526145,510,2234,9099511
705786532653883392,480,1828,9099511
705591895322394625,1061,2971,9099511
705475953783398401,852,2801,9099511
705442520700944385,1492,4134,9099511
705428427625635840,1554,3580,9099511
705239209544720384,693,2819,9099511
705223444686888960,738,2421,9099511
705102439679201280,483,2012,9099511
705066031337840642,564,2049,9099511
704871453724954624,1042,4034,9099511
704859558691414016,493,2117,9099511
704847917308362754,1407,4780,9099511
704819833553219584,914,2480,9099511
704761120771465216,2703,6249,9099511
704499785726889984,928,2719,9099511
704491224099647488,73,703,9099511
704480331685040129,1002,3202,9099511
704364645503647744,3294,7478,9099511
704347321748819968,322,1479,9099511
704134088924532736,420,1412,9099511
704113298707505153,532,1748,9099511
704054845121142784,861,2758,9099511
703774238772166656,414,1743,9099511
703769065844768768,1046,3063,9099511
703631701117943808,617,2407,9099511
703611486317502464,1417,3614,9099511
703425003149250560,1260,3557,9099511
703407252292673536,642,2299,9099511
703382836347330562,1053,3279,9099511
703356393781329922,357,1807,9099511
703268521220972544,505,1858,9099511
703079050210877440,2867,6946,9099511
703041949650034688,11541,24766,9099511
702932127499816960,670,2416,9099511
702899151802126337,418,1509,9099511
702684942141153280,985,3043,9099511
702671118226825216,520,2053,9099511
702598099714314240,3190,11509,9099511
702539513671897089,894,2706,9099511
702332542343577600,1428,2980,9099511
702321140488925184,973,3091,9099511
702276748847800320,713,2321,9099511
702217446468493312,1248,4485,9099511
701981390485725185,915,3235,9099511
701952816642965504,949,3614,9099511
701889187134500865,1291,3326,9099511
701805642395348998,1543,3196,9099511
701601587219795968,427,1973,9099511
701570477911896070,870,2638,9099511
701545186879471618,570,2508,9099511
701214700881756160,4741,11488,9099511
700890391244103680,525,2085,9099511
700864154249383937,580,2442,9099511
700847567345688576,461,2321,9099511
700796979434098688,875,2290,9099511
700747788515020802,8618,21385,9099511
700518061187723268,739,2452,9099511
700505138482569216,536,2151,9099511
700462010979500032,1654,3862,9099511
700167517596164096,673,2479,9099511
700151421916807169,627,2099,9099511
700143752053182464,2509,7059,9099511
700062718104104960,631,2484,9099511
700029284593901568,542,1952,9099511
700002074055016451,1242,3093,9099511
699801817392291840,876,2826,9099511
699788877217865730,479,2100,9099511
699779630832685056,1140,2562,9099511
699775878809702401,559,1844,9099511
699691744225525762,4258,9638,9099511
699446877801091073,2440,5618,9099511
699434518667751424,476,2056,9099511
699423671849451520,298,1275,9099511
699413908797464576,584,1965,9099511
699370870310113280,403,1783,9099511
699323444782047232,797,2953,9099511
699088579889332224,579,2122,9099511
699079609774645248,599,2298,9099511
699072405256409088,1105,2782,9099511
699060279947165696,1666,3518,9099511
699036661657767936,1121,2446,9099511
698989035503689728,894,3131,9099511
698953797952008193,850,2529,9099511
698907974262222848,571,2386,9099511
698710712454139905,630,2316,9099511
698703483621523456,346,1347,9099511
698635131305795584,322,1219,9099511
698549713696649216,575,2193,9099511
698355670425473025,409,1734,9099511
698342080612007937,893,2122,9099511
698262614669991936,1838,4483,9099511
698195409219559425,5554,15795,9099511
698178924120031232,691,2640,9099511
697995514407682048,313,1436,9099511
697990423684476929,1197,3080,9099511
697943111201378304,628,2237,9099511
697881462549430272,1076,2843,9099511
697630435728322560,507,1629,9099511
697616773278015490,938,2936,9099511
697596423848730625,1166,2825,9099511
697575480820686848,469,1924,9099511
697516214579523584,1026,1914,9099511
697482927769255936,622,2282,9099511
697463031882764288,1296,3229,9099511
697270446429966336,1746,4443,9099511
697259378236399616,924,3102,9099511
697255105972801536,1080,2878,9099511
697242256848379904,627,2376,9099511
696900204696625153,960,2966,9099511
696894894812565505,633,2203,9099511
696886256886657024,1659,4538,9099511
696877980375769088,659,2296,9099511
696754882863349760,334,1393,9099511
696744641916489729,862,1933,9099511
696713835009417216,600,2224,9099511
696518437233913856,1601,3689,9099511
696490539101908992,132,1150,9099511
696488710901260288,951,2358,9099511
696405997980676096,1071,3006,9099511
696100768806522880,599,1813,9099511
695816827381944320,1073,2814,9099511
695794761660297217,723,2976,9099511
695767669421768709,681,1742,9099112
695629776980148225,1943,4286,9099511
695446424020918272,1693,4164,9099511
695409464418041856,3335,8156,9099511
695314793360662529,1332,3394,9099511
695095422348574720,567,2501,9099511
695074328191332352,1021,2665,9099511
695064344191721472,538,1504,9099511
695051054296211456,735,2485,9099511
694925794720792577,847,2538,9099511
694905863685980160,866,2584,9099511
694669722378485760,13345,33674,9099511
694356675654983680,264,1419,9099511
694352839993344000,560,1905,9099511
694342028726001664,449,1497,9099511
694329668942569472,465,1871,9099511
694206574471057408,1894,3899,9099511
694183373896572928,861,2770,9099511
694001791655137281,945,3203,9099511
693993230313091072,374,1772,9099511
693942351086120961,339,1648,9099511
693647888581312512,536,2528,9099511
693644216740769793,116,1290,9099511
693642232151285760,387,2398,9099511
693629975228977152,742,2298,9099511
693622659251335168,345,1444,9099511
693590843962331137,1820,4750,9099511
693582294167244802,230,1552,9099511
693486665285931008,585,1667,9099511
693280720173801472,1150,3147,9099511
693267061318012928,746,2240,9099511
693262851218264065,463,2070,9099511
693231807727280129,693,2726,9099511
693155686491000832,2974,7408,9099511
693109034023534592,563,1600,9099511
693095443459342336,422,1745,9099511
692919143163629568,711,2554,9099511
692905862751522816,816,2279,9099511
692901601640583168,556,1649,9099511
692894228850999298,734,2124,9099511
692828166163931137,826,2711,9099511
692752401762250755,3384,6404,9099511
692568918515392513,1433,4096,9099511
692535307825213440,1264,2958,9099511
692530551048294401,380,1737,9099511
692423280028966913,204,1396,9099511
692417313023332352,3207,8813,9099511
692187005137076224,762,2382,9099511
692158366030913536,740,2013,9099511
692142790915014657,362,1541,9099511
692041934689402880,1170,3178,9099511
692017291282812928,893,2727,9099511
691820333922455552,1533,3730,9099511
691793053716221953,3926,7629,9099511
691756958957883396,916,2655,9099511
691675652215414786,472,1834,9099511
691483041324204033,516,2242,9099511
691459709405118465,1047,3798,9099511
691444869282295808,775,2478,9099511
691416866452082688,7083,18183,9099511
691321916024623104,617,2432,9099511
691096613310316544,822,2808,9099511
691090071332753408,315,1629,9099511
690989312272396288,2671,5557,9099511
690959652130045952,1141,3373,9099511
690938899477221376,1795,3836,9099511
690932576555528194,937,3087,9099511
690735892932222976,1180,3562,9099511
690728923253055490,479,2040,9099511
690690673629138944,767,2191,9099511
690649993829576704,255,1227,9099511
690607260360429569,15,284,9099511
690597161306841088,561,1825,9099511
690400367696297985,420,1780,9099511
690374419777196032,787,3034,9099511
690360449368465409,817,2495,9099511
690348396616552449,479,1399,9099511
690248561355657216,380,1575,9099556
690021994562220032,947,2640,9099511
690015576308211712,680,2353,9099511
690005060500217858,1567,3442,9099511
689999384604450816,338,1333,9099511
689993469801164801,420,1374,9099511
689977555533848577,418,1290,9099511
689905486972461056,644,2312,9099511
689877686181715968,1075,2859,9099511
689835978131935233,702,2049,9099511
689661964914655233,870,3044,9099511
689659372465688576,3575,9719,9099511
689623661272240129,596,2078,9099511
689599056876867584,5135,10965,9099511
689557536375177216,421,1937,9099511
689517482558820352,1326,3198,9099511
689289219123089408,872,2116,9099511
689283819090870273,1027,3074,9099511
689280876073582592,653,1862,9099511
689275259254616065,233,1080,9099511
689255633275777024,1003,2406,9099511
689154315265683456,921,2901,9099511
689143371370250240,468,1896,9099511
688916208532455424,795,2543,9099511
688908934925697024,712,1974,9099511
688898160958271489,725,1967,9099511
688894073864884227,635,2106,9099511
688828561667567616,338,1296,9099511
688804835492233216,175,906,9099511
688789766343622656,618,2093,9099511
688547210804498433,650,2439,9099511
688519176466644993,678,2191,9099511
688385280030670848,4166,8711,9099511
688211956440801280,780,2118,9099112
688179443353796608,545,2016,9099511
688116655151435777,718,2667,9099511
688064179421470721,336,1635,9099511
687841446767013888,2311,5115,9099511
687826841265172480,1039,2573,9099511
687818504314159109,889,2331,9099511
687807801670897665,669,2236,9099511
687732144991551489,615,1652,9099511
687704180304273409,782,2285,9099511
687664829264453632,479,1826,9099511
687494652870668288,539,1789,9099511
687480748861947905,223,1507,9099511
687476254459715584,496,1861,9099511
687460506001633280,501,1939,9099511
687399393394311168,572,1779,9099511
687317306314240000,8532,18975,9099511
687312378585812992,1767,4099,9099511
687127927494963200,2096,5082,9099511
687124485711986689,472,2060,9099511
687109925361856513,2287,5467,9099511
687102708889812993,890,2198,9099511
687096057537363968,566,2114,9099511
686947101016735744,2974,8127,9099511
686760001961103360,1291,3302,9099511
686749460672679938,1347,3261,9099511
686730991906516992,1118,3879,9099511
686683045143953408,751,2657,9099511
686618349602762752,1268,3482,9099511
686606069955735556,506,1786,9099511
686394059078897668,642,1630,9099511
686386521809772549,819,3054,9099556
686377065986265092,528,2086,9099511
686358356425093120,614,2031,9099511
686286779679375361,1562,3797,9099511
686050296934563840,679,2098,9099511
686035780142297088,110,1083,9099511
686034024800862208,1064,2902,9099511
686007916130873345,375,2324,9099511
686003207160610816,572,1715,9099511
685973236358713344,486,1975,9099511
685943807276412928,548,1529,9099511
685906723014619143,2646,7016,9099511
685681090388975616,113,1918,9099511
685667379192414208,518,2220,9099511
685663452032069632,1363,3026,9099511
685641971164143616,706,2736,9099511
685547936038666240,14421,30899,9099511
685532292383666176,1064,2848,9099511
685325112850124800,3657,8833,9099511
685321586178670592,589,2494,9099511
685315239903100929,961,3096,9099511
685307451701334016,407,1959,9099511
685268753634967552,1102,2906,9099511
685198997565345792,610,2186,9099511
685169283572338688,1313,3861,9099511
684969860808454144,337,2248,9099511
684959798585110529,2881,6385,9099511
684940049151070208,964,3005,9099511
684926975086034944,430,3286,9099511
684914660081053696,1353,3285,9099511
684902183876321280,484,1752,9099511
684880619965411328,745,1958,9099511
684830982659280897,20125,32904,9099511
684800227459624960,929,2558,9099511
684594889858887680,3244,8352,9099511
684588130326986752,1307,3874,9099511
684567543613382656,1127,2806,9099511
684538444857667585,879,2481,9099511
684481074559381504,1095,3646,9099511
684460069371654144,516,1856,9099511
684241637099323392,3016,7621,9099511
684225744407494656,190,1170,9099511
684222868335505415,1266,3593,9099511
684200372118904832,968,2008,9099511
684195085588783105,469,1785,9099511
684188786104872960,1078,3290,9099511
684177701129875456,608,1898,9099511
684147889187209216,1406,2803,9099511
684122891630342144,438,1889,9099511
684097758874210310,1331,3861,9099511
683857920510050305,1045,3580,9099511
683852578183077888,324,1823,9099556
683849932751646720,873,2452,9099511
683834909291606017,1048,2466,9099511
683828599284170753,986,2625,9099511
683773439333797890,1249,3130,9099511
683742671509258241,3078,6070,9099511
683515932363329536,2677,6911,9099511
683498322573824003,896,2983,9099511
683481228088049664,927,2506,9099511
683462770029932544,634,2281,9099511
683449695444799489,1489,3639,9099511
683391852557561860,2223,7184,9099511
683357973142474752,844,2724,9099511
683142553609318400,968,2689,9099511
683111407806746624,839,3194,9099511
683098815881154561,606,2042,9099511
683078886620553216,527,1885,9099511
683030066213818368,690,2032,9099511
682962037429899265,15167,34415,9099511
682808988178739200,158,1657,9099512
682788441537560576,1037,2319,9099512
682750546109968385,408,1420,9099512
682697186228989953,341,1232,9099512
682662431982772225,1007,2866,9099512
682638830361513985,552,1939,9099512
682429480204398592,1070,3229,9099512
682406705142087680,1620,7099,9099512
682393905736888321,614,2111,9099512
682389078323662849,437,1572,9099512
682303737705140231,905,2881,9099512
682259524040966145,1104,3879,9099512
682242692827447297,1067,3034,9099512
682088079302213632,9084,17074,9099512
682059653698686977,1562,4624,9099512
682047327939461121,866,3012,9099513
682032003584274432,1850,6165,9099513
682003177596559360,1393,2918,9099513
681981167097122816,944,2636,9099513
681891461017812993,763,2313,9099513
681694085539872773,3774,12029,9099513
681679526984871937,410,1668,9099513
681654059175129088,837,2464,9099513
681610798867845120,433,1773,9099513
681579835668455424,1202,3318,9099513
681523177663676416,5314,13379,9099513
681340665377193984,250,1546,9099513
681339448655802368,3772,8716,9099513
681320187870711809,686,2466,9099513
681302363064414209,1675,3680,9099513
681297372102656000,881,3016,9099513
681281657291280384,1020,3037,9099513
681261549936340994,246,1362,9099513
681242418453299201,487,1392,9099513
681231109724700672,457,2272,9099514
681193455364796417,1368,3471,9099514
680970795137544192,603,2255,9099514
680959110691590145,1855,4295,9099514
680940246314430465,960,2981,9099514
680934982542561280,405,1954,9099514
680913438424612864,573,2258,9099514
680889648562991104,337,1644,9099514
680836378243002368,1221,3231,9099514
680805554198020098,621,2017,9099514
680801747103793152,758,2228,9099514
680798457301471234,958,2649,9099514
680609293079592961,647,2460,9099115
680583894916304897,1222,3381,9099514
680497766108381184,1776,3951,9099514
680494726643068929,450,1600,9099514
680473011644985345,696,2387,9099514
680440374763077632,461,1357,9099514
680221482581123072,273,1393,9099514
680206703334408192,1078,2644,9099514
680191257256136705,459,2016,9099514
680176173301628928,1427,3623,9099514
680161097740095489,684,2175,9099514
680145970311643136,1605,3391,9099514
680130881361686529,871,2145,9099514
680115823365742593,847,2549,9099514
680100725817409536,1277,3364,9099514
680085611152338944,8328,11975,9099514
680070545539371008,795,2428,9099514
679877062409191424,597,1847,9099514
679872969355714560,612,2056,9099514
679862121895714818,568,2302,9099514
679854723806179328,1135,2660,9099514
679844490799091713,701,2228,9099514
679828447187857408,12885,33762,9099514
679777920601223168,1016,2907,9099514
679736210798047232,731,1954,9099514
679729593985699840,769,2027,9099514
679722016581222400,436,1564,9099514
679530280114372609,1925,4456,9099514
679527802031484928,665,2459,9099514
679511351870550016,1167,3132,9099514
679503373272485890,1361,2961,9099514
679475951516934144,596,1959,9099514
679462823135686656,17280,29388,9099514
679405845277462528,1095,2213,9099514
679158373988876288,7392,19781,9099514
679148763231985668,953,2604,9099514
679132435750195208,1061,2764,9099514
679111216690831360,2377,5531,9099514
679062614270468097,7365,15763,9099514
679047485189439488,602,2095,9099513
679001094530465792,1121,2654,9099513
678991772295516161,1049,2120,9099513
678969228704284672,420,1531,9099513
678800283649069056,833,2392,9099513
678798276842360832,1059,3208,9099513
678774928607469569,835,2614,9099513
678767140346941444,1260,3281,9099513
678764513869611008,430,1512,9099513
678755239630127104,2995,6589,9099513
678740035362037760,1518,3457,9099513
678708137298427904,2238,5227,9099513
678675843183484930,1345,2647,9099513
678643457146150913,366,1906,9099513
678446151570427904,1402,3724,9099513
678424312106393600,2340,5082,9099513
678410210315247616,1645,3907,9099513
678399652199309312,29184,74742,9099513
678396796259975168,383,1475,9099513
678389028614488064,386,1735,9099513
678380236862578688,836,2274,9099513
678341075375947776,486,1597,9099514
678334497360859136,230,1201,9099514
678278586130948096,5609,10619,9099514
678255464182861824,338,1479,9099514
678023323247357953,347,1773,9099514
678021115718029313,5753,12604,9099514
677961670166224897,1558,3175,9099514
677918531514703872,376,1246,9099513
677895101218201600,1888,4475,9099513
677716515794329600,899,2828,9099513
677700003327029250,1319,3163,9099513
677698403548192770,294,1137,9099513
677687604918272002,776,2309,9099513
677673981332312066,1378,3096,9099513
677662372920729601,866,1809,9099513
677644091929329666,746,1739,9099513
677573743309385728,627,1975,9099513
677565715327688705,421,1213,9099513
677557565589463040,1047,2273,9099513
677547928504967168,3368,6434,9099513
677530072887205888,210,986,9099513
677335745548390400,1585,2809,9099558
677334615166730240,258,1255,9099513
677331501395156992,215,1006,9099513
677328882937298944,1382,3394,9099513
677314812125323265,484,1529,9099513
677301033169788928,363,1133,9099513
677269281705472000,648,1831,9099513
677228873407442944,1501,3274,9099513
677187300187611136,834,2532,9099513
676975532580409345,975,2569,9099501
676957860086095872,738,2072,9099501
676949632774234114,363,1209,9099501
676948236477857792,789,1991,9099501
676946864479084545,335,1605,9099501
676942428000112642,682,1909,9099501
676936541936185344,4525,11809,9099501
676916996760600576,1654,2746,9099501
676897532954456065,659,2085,9099501
676864501615042560,646,1938,9099501
676821958043033607,14095,21105,9099501
676819651066732545,606,1681,9099117
676811746707918848,392,1332,9099501
676776431406465024,1838,4603,9099501
676617503762681856,873,2667,9099501
676613908052996102,184,1002,9099501
676606785097199616,398,1753,9099501
676603393314578432,351,1067,9099501
676593408224403456,1954,4206,9099501
676590572941893632,114,849,9099501
676588346097852417,716,2118,9099501
676582956622721024,252,1096,9099501
676575501977128964,1018,2378,9099501
676533798876651520,506,1731,9099501
676496375194980353,478,1403,9099501
676470639084101634,4271,10777,9099501
676440007570247681,605,1596,9099501
676430933382295552,310,1283,9099501
676263575653122048,496,1923,9099501
676237365392908289,256,1114,9099501
676219687039057920,28202,70745,9099501
676215927814406144,528,1605,9099501
676191832485810177,943,2093,9099501
676146341966438401,608,1782,9099501
676121918416756736,1053,1990,9099501
676101918813499392,1067,2620,9099501
676098748976615425,1281,2730,9099501
676089483918516224,402,1213,9099501
675898130735476737,519,1490,9099501
675891555769696257,778,1964,9099501
675888385639251968,855,2163,9099501
675878199931371520,1272,3842,9099501
675870721063669760,514,1500,9099501
675853064436391936,1166,2476,9099501
675849018447167488,128,880,9099501
675845657354215424,795,2094,9099501
675822767435051008,485,1408,9099501
675820929667219457,217,974,9099501
675798442703122432,3121,9481,9099501
675781562965868544,426,1488,9099501
675740360753160193,302,1083,9099501
675710890956750848,740,1724,9099501
675707330206547968,619,1817,9099117
675706639471788032,86,596,9099500
675534494439489536,371,1690,9099500
675531475945709568,343,1087,9099500
675522403582218240,255,953,9099500
675517828909424640,417,1175,9099500
675501075957489664,5324,15829,9099500
675497103322386432,1171,2877,9099500
675489971617296384,538,1175,9099500
675483430902214656,878,1690,9099500
675432746517426176,517,1386,9099500
675372240448454658,468,1551,9099500
675362609739206656,201,968,9099500
675354435921575936,15147,29887,9099500
675349384339542016,2050,3593,9099500
675334060156301312,1166,2516,9099500
675166823650848770,1406,3237,9099500
675153376133427200,2314,5701,9099500
675149409102012420,1531,3422,9099500
675147105808306176,204,858,9099500
675146535592706048,261,1081,9099500
675145476954566656,802,1944,9099500
675135153782571009,422,1184,9099500
675113801096802304,701,1770,9099500
675111688094527488,220,878,9099500
675109292475830276,1013,2561,9099500
675047298674663426,283,950,9099500
675015141583413248,1065,2469,9099500
675006312288268288,206,893,9099500
675003128568291329,419,1418,9099500
674999807681908736,985,2040,9099500
674805413498527744,321,779,9099500
674800520222154752,770,2744,9099500
674793399141146624,980,2275,9099500
674790488185167872,223,1009,9099500
674788554665512960,184,734,9099500
674781762103414784,1075,1828,9099500
674774481756377088,421,1005,9099500
674767892831932416,706,1656,9099500
674764817387900928,205,712,9099500
674754018082705410,392,1239,9099500
674752233200820224,410,1330,9099500
674743008475090944,486,1280,9099500
674742531037511680,46,439,9099500
674739953134403584,338,989,9099500
674737130913071104,81,591,9099500
674690135443775488,423,1046,9099500
674670581682434048,585,1478,9099500
674664755118911488,214,829,9099500
674646392044941312,436,1304,9099500
674644256330530816,251,946,9099500
674638615994089473,528,1533,9099500
674632714662858753,517,1363,9099500
674606911342424069,89,850,9099500
674468880899788800,1823,5672,9099500
674447403907457024,317,969,9099500
674436901579923456,353,1012,9099500
674422304705744896,481,1306,9099500
674416750885273600,123,628,9099500
674410619106390016,413,1090,9099500
674394782723014656,505,1364,9099500
674372068062928900,285,781,9099500
674330906434379776,69,522,9099500
674318007229923329,460,1282,9099116
674307341513269249,6188,10338,9099500
674291837063053312,5258,13426,9099500
674271431610523648,659,1421,9099500
674269164442398721,208,837,9099500
674265582246694913,748,1489,9099500
674262580978937856,399,1201,9099500
674255168825880576,482,1333,9099500
674082852460433408,149,695,9099500
674075285688614912,251,906,9099116
674063288070742018,1945,5834,9099500
674053186244734976,1155,2999,9099500
674051556661161984,442,1318,9099500
674045139690631169,577,1288,9099500
674042553264685056,114,648,9099500
674038233588723717,378,1001,9099500
674036086168010753,185,776,9099500
674024893172875264,1105,1614,9099500
674019345211760640,272,1034,9099500
674014384960745472,574,1425,9099500
674008982932058114,315,1101,9099500
673956914389192708,858,1781,9099500
673919437611909120,333,1071,9099500
673906403526995968,1475,2906,9099500
673887867907739649,228,856,9099500
673716320723169284,682,2820,9099500
673715861853720576,1842,3216,9099116
673711475735838725,270,953,9099500
673709992831262724,240,768,9099500
673708611235921920,262,974,9099500
673707060090052608,352,1006,9099500
673705679337693185,366,1146,9099500
673700254269775872,513,1303,9099500
673697980713705472,1732,3582,9099500
673689733134946305,588,1574,9099500
673688752737402881,446,1146,9099500
673686845050527744,389,1301,9099500
673680198160809984,422,1249,9099500
673662677122719744,335,1145,9099500
673656262056419329,208,661,9099500
673636718965334016,325,1010,9099500
673612854080196609,647,1446,9099500
673583129559498752,320,1084,9099500
673580926094458881,246,756,9099500
673576835670777856,502,1253,9099500
673363615379013632,272,937,9099500
673359818736984064,608,1318,9099500
673355879178194945,509,1363,9099500
673352124999274496,481,1514,9099500
673350198937153538,190,696,9099500
673345638550134785,1133,2268,9099500
673343217010679808,243,878,9099560
673342308415348736,510,1159,9099500
673320132811366400,7003,12204,9099500
673317986296586240,224,803,9099500
673295268553605120,2821,6849,9099500
673270968295534593,322,972,9099500
673240798075449344,633,1294,9099500
673213039743795200,741,2012,9099500
673148804208660480,561,1524,9099500
672997845381865473,637,1785,9099500
672995267319328768,263,857,9099500
672988786805112832,260,888,9099500
672984142909456390,484,1131,9099500
672980819271634944,905,1653,9099500
672975131468300288,803,1523,9099500
672970152493887488,319,860,9099500
672968025906282496,484,1208,9099500
672964561327235073,575,1280,9099500
672902681409806336,438,1248,9099500
672898206762672129,373,809,9099500
672884426393653248,752,1392,9099500
672877615439593473,318,928,9099500
672834301050937345,512,1185,9099500
672828477930868736,431,1125,9099500
672640509974827008,286,895,9099500
672622327801233409,429,1173,9099500
672614745925664768,525,1111,9099500
672609152938721280,345,989,9099500
672604026190569472,352,993,9099500
672594978741354496,546,1200,9099500
672591762242805761,296,859,9099500
672591271085670400,169,652,9099500
672538107540070400,325,922,9099500
672523490734551040,151,560,9099500
672488522314567680,387,1013,9099500
672482722825261057,535,1011,9099500
672481316919734272,117,649,9099500
672475084225949696,628,1318,9099500
672466075045466113,466,1218,9099500
672272411274932228,3002,5837,9099500
672267570918129665,550,1347,9099116
672264251789176834,295,1026,9099500
672256522047614977,1353,2559,9099500
672254177670729728,669,1301,9099500
672248013293752320,533,1572,9099500
672245253877968896,138,618,9099500
672239279297454080,285,816,9099500
672231046314901505,904,1646,9099500
672222792075620352,182,713,9099500
672205392827572224,1028,2032,9099500
672169685991993344,328,924,9099500
672160042234327040,313,786,9099500
672139350159835138,619,1579,9099500
672125275208069120,1015,2150,9099500
672095186491711488,333,893,9099500
672082170312290304,327,856,9099500
672068090318987265,454,1161,9099500
671896809300709376,3739,7738,9099500
671891728106971137,502,1195,9099500
671882082306625538,1245,3168,9099500
671879137494245376,592,1284,9099500
671874878652489728,493,1129,9099500
671866342182637568,432,1015,9099500
671855973984772097,385,811,9099500
671789708968640512,3073,6430,9099500
671768281401958400,442,1076,9099500
671763349865160704,804,1517,9099500
671744970634719232,682,1232,9099500
671743150407421952,208,685,9099500
671735591348891648,673,1314,9099500
671729906628341761,3886,7667,9099500
671561002136281088,6464,11607,9099500
671550332464455680,189,824,9099500
671547767500775424,513,1225,9099500
671544874165002241,912,1765,9099500
671542985629241344,496,981,9099500
671538301157904385,341,846,9099500
671536543010570240,361,1060,9099500
671533943490011136,513,912,9099500
671528761649688577,227,757,9099500
671520732782923777,466,1250,9099500
671518598289059840,261,851,9099500
671511350426865664,621,1443,9099500
671504605491109889,3204,6343,9099500
671497587707535361,406,837,9099500
671488513339211776,428,900,9099500
671486386088865792,178,521,9099500
671485057807351808,206,690,9099500
671390180817915904,672,1304,9099500
671362598324076544,265,1006,9099500
671357843010908160,137,360,9099500
671355857343524864,108,432,9099500
671347597085433856,381,859,9099500
671186162933985280,186,654,9099500
671182547775299584,295,999,9099500
671166507850801152,309,790,9099500
671163268581498880,990,1489,9099500
671159727754231808,71,318,9099499
671154572044468225,196,635,9099499
671151324042559489,135,595,9099499
671147085991960577,198,596,9099499
671141549288370177,582,1042,9099499
671138694582165504,353,833,9099499
671134062904504320,169,661,9099499
671122204919246848,2244,3135,9099499
671115716440031232,696,1236,9099499
671109016219725825,388,1031,9099499
670995969505435648,255,988,9099499
670842764863651840,7730,22443,9099499
670840546554966016,169,528,9099499
670838202509447168,611,1004,9099499
670833812859932673,112,385,9099499
670832455012716544,189,659,9099499
670826280409919488,3591,4954,9099499
670823764196741120,165,690,9099499
670822709593571328,86,551,9099499
670815497391357952,1360,2840,9099499
670811965569282048,239,1012,9099499
670807719151067136,439,1064,9099499
670804601705242624,846,1774,9099499
670803562457407488,81,311,9099499
670797304698376195,210,670,9099499
670792680469889025,240,745,9099559
670789397210615808,212,593,9099500
670786190031921152,177,541,9099500
670783437142401025,343,753,9099500
670782429121134593,676,1386,9099500
670780561024270336,258,715,9099500
670778058496974848,64,304,9099499
670764103623966721,382,978,9099499
670755717859713024,94,396,9099499
670733412878163972,461,869,9099499
670727704916926465,322,751,9099499
670717338665226240,429,1085,9099499
670704688707301377,332,704,9099499
670691627984359425,217,532,9099499
670679630144274432,252,674,9099499
670676092097810432,37,222,9099499
670668383499735048,4428,9623,9099499
670474236058800128,653,1360,9099499
670468609693655041,80,323,9099499
670465786746662913,487,877,9099499
670452855871037440,180,497,9099499
670449342516494336,581,1095,9099115
670444955656130560,1772,6159,9099499
670442337873600512,179,585,9099499
670435821946826752,456,959,9099499
670434127938719744,576,1285,9099559
670433248821026816,102,298,9099115
670428280563085312,542,1265,9099499
670427002554466305,145,472,9099499
670421925039075328,567,1167,9099499
670420569653809152,278,552,9099499
670417414769758208,292,514,9099499
670411370698022913,794,1826,9099499
670408998013820928,196,496,9099499
670403879788544000,134,388,9099499
670385711116361728,181,508,9099499
670374371102445568,244,685,9099499
670361874861563904,59,297,9099499
670338931251150849,100,388,9099499
670319130621435904,1092,3537,9099499
670303360680108032,114,394,9099499
670290420111441920,256,635,9099499
670093938074779648,290,930,9099499
670086499208155136,225,632,9099115
670079681849372674,1082,1994,9099115
670073503555706880,695,1410,9099499
670069087419133954,211,564,9099499
670061506722140161,297,681,9099499
670055038660800512,287,602,9099499
670046952931721218,157,581,9099499
670040295598354432,100,678,9099499
670037189829525505,245,533,9099499
670003130994700288,83,299,9099499
669993076832759809,73,294,9099499
669972011175813120,138,405,9099499
669970042633789440,49,273,9099499
669942763794931712,142,454,9099499
669926384437997569,84,344,9099499
669923323644657664,53,207,9099499
669753178989142016,351,722,9099499
669749430875258880,59,231,9099499
669684865554620416,76,456,9099499
669683899023405056,97,345,9099499
669682095984410625,122,317,9099499
669680153564442624,253,601,9099115
669661792646373376,376,728,9099499
669625907762618368,1607,3184,9099559
669603084620980224,323,865,9099499
669597912108789760,136,457,9099499
669583744538451968,825,1345,9099499
669573570759163904,122,395,9099499
669571471778410496,906,1440,9099499
669567591774625800,46,209,9099499
669564461267722241,106,349,9099499
669393256313184256,63,321,9099499
669375718304980992,645,1200,9099499
669371483794317312,152,446,9099499
669367896104181761,136,414,9099499
669363888236994561,204,565,9099499
669359674819481600,107,338,9099499
669354382627049472,1120,2436,9099499
669353438988365824,232,574,9099499
669351434509529089,163,389,9099499
669328503091937280,375,920,9099499
669327207240699904,108,514,9099499
669324657376567296,188,446,9099499
669216679721873412,357,1081,9099499
669214165781868544,140,394,9099499
669203728096960512,415,908,9099499
669037058363662336,274,587,9099499
669015743032369152,330,664,9099499
669006782128353280,215,524,9099499
669000397445533696,5631,19013,9099499
668994913074286592,198,394,9099499
668992363537309700,298,668,9099499
668989615043424256,297,604,9099499
668988183816871936,401,814,9099499
668986018524233728,145,491,9099499
668981893510119424,269,494,9099499
668979806671884288,301,720,9099499
668975677807423489,512,1171,9099499
668967877119254528,20,129,9099499
668960084974809088,215,632,9099499
668955713004314625,64,246,9099499
668932921458302977,51,230,9099499
668902994700836864,90,285,9099499
668892474547511297,131,364,9099499
668872652652679168,272,482,9099499
668852170888998912,144,414,9099499
668826086256599040,118,389,9099499
668815180734689280,231,506,9099499
668779399630725120,331,644,9099499
668655139528511488,195,481,9099499
668645506898350081,467,793,9099499
668643542311546881,460,796,9099499
668641109086707712,479,963,9099499
668636665813057536,440,935,9099499
668633411083464705,1411,2515,9099559
668631377374486528,287,636,9099499
668627278264475648,100,287,9099499
668625577880875008,113,340,9099499
668623201287675904,664,1271,9099499
668620235289837568,35,186,9099499
668614819948453888,281,556,9099499
668587383441514497,944,1499,9099499
668567822092664832,49,210,9099499
668544745690562560,202,460,9099499
668542336805281792,183,406,9099499
668537837512433665,63,229,9099499
668528771708952576,196,417,9099499
668507509523615744,90,286,9099498
668496999348633600,117,367,9099498
668484198282485761,210,378,9099498
668480044826800133,131,408,9099498
668466899341221888,454,792,9099498
668297328638447616,261,568,9099498
668291999406125056,29,219,9099498
668286279830867968,123,449,9099498
668274247790391296,206,741,9099498
668268907921326080,209,496,9099498
668256321989451776,532,1169,9099498
668248472370458624,415,857,9099498
668237644992782336,2497,5562,9099498
668226093875376128,89,260,9099498
668221241640230912,174,459,9099498
668204964695683073,177,499,9099498
668190681446379520,176,584,9099498
668171859951755264,163,436,9099498
668154635664932864,280,451,9099498
668142349051129856,248,517,9099498
668113020489474048,211,601,9099498
667937095915278337,709,1129,9099498
667924896115245057,97,269,9099498
667915453470232577,49,189,9099498
667911425562669056,256,437,9099498
667902449697558528,344,776,9099498
667886921285246976,940,1679,9099498
667885044254572545,412,744,9099498
667878741721415682,105,355,9099499
667873844930215936,355,563,9099499
667866724293877760,916,2758,9099499
667861340749471744,72,224,9099499
667832474953625600,56,263,9099499
667806454573760512,433,945,9099499
667801013445750784,83,290,9099499
667793409583771648,294,623,9099499
667782464991965184,217,367,9099499
667773195014021121,46,210,9099499
667766675769573376,194,386,9099499
667728196545200128,130,331,9099499
667724302356258817,280,435,9099499
667550904950915073,29,0,9099499
667550882905632768,26,0,9099499
667549055577362432,1996,5191,9099499
667546741521195010,111,307,9099499
667544320556335104,474,777,9099499
667538891197542400,58,179,9099499
667534815156183040,460,729,9099499
667530908589760512,212,420,9099499
667524857454854144,990,1528,9099499
667517642048163840,171,336,9099499
667509364010450944,1893,6179,9099499
667502640335572993,196,491,9099499
667495797102141441,235,467,9099499
667491009379606528,196,466,9099499
667470559035432960,85,226,9099499
667455448082227200,53,175,9099499
667453023279554560,76,285,9099499
667443425659232256,507,695,9099499
667437278097252352,208,406,9099499
667435689202614272,78,273,9099499
667405339315146752,200,422,9099499
667393430834667520,51,173,9099499
667369227918143488,147,333,9099499
667211855547486208,213,436,9099499
667200525029539841,232,557,9099499
667192066997374976,87,338,9099499
667188689915760640,346,660,9099499
667182792070062081,5390,12782,9099499
667177989038297088,50,172,9099499
667176164155375616,397,534,9099499
667174963120574464,70,222,9099499
667171260800061440,72,189,9099499
667165590075940865,999,2417,9099499
667160273090932737,53,227,9099499
667152164079423490,14915,42947,9099499
667138269671505920,1923,4084,9099499
667119796878725120,113,293,9099499
667090893657276420,108,297,9099499
667073648344346624,105,360,9099499
667070482143944705,13,74,9099499
667065535570550784,40,146,9099499
667062181243039745,46,195,9099499
667044094246576128,43,167,9099499
667012601033924608,192,401,9099499
666996132027977728,80,217,9099559
666983947667116034,862,2291,9099499
666837028449972224,479,716,9099499
666835007768551424,68,187,9099499
666826780179869698,81,226,9099499
666817836334096384,218,456,9099499
666804364988780544,79,207,9099499
666786068205871104,421,667,9099499
666781792255496192,171,338,9099499
666776908487630848,151,310,9099499
666739327293083650,60,211,9099499
666701168228331520,186,379,9099499
666691418707132416,43,160,9099499
666649482315059201,543,1003,9099499
666644823164719104,71,212,9099499
666454714377183233,184,452,9099499
666447344410484738,19,93,9099499
666437273139982337,41,105,9099499
666435652385423360,42,140,9099499
666430724426358785,166,280,9099499
666428276349472768,67,141,9099499
666421158376562688,94,280,9099499
666418789513326592,39,109,9099499
666411507551481857,273,379,9099499
666407126856765440,30,95,9099499
666396247373291520,69,149,9099499
666373753744588802,75,164,9099499
666362758909284353,479,664,9099499
666353288456101888,58,182,9099499
666345417576210432,126,252,9099499
666337882303524864,80,168,9099499
666293911632134144,299,436,9099499
666287406224695296,57,125,9099499
666273097616637952,69,153,9099499
666268910803644416,34,91,9099499
666104133288665088,5605,13131,9099499
666102155909144576,11,67,9099499
666099513787052032,54,136,9099499
666094000022159362,64,144,9099499
666082916733198337,38,96,9099499
666073100786774016,135,276,9099499
666071193221509120,51,130,9099499
666063827256086533,182,412,9099499
666058600524156928,48,101,9099499
666057090499244032,114,256,9099499
666055525042405380,200,379,9099499
666051853826850816,722,1051,9099499
666050758794694657,50,118,9099499
666049248165822465,37,91,9099499
666044226329800704,117,251,9099499
666033412701032449,36,102,9099499
666029285002620928,39,115,9099499
666020888022790149,432,2316,9099499
